"category_name","avg_rental"
"Travel","5.4695340501792115"
"Music","5.2518072289156627"
"Family","5.1642335766423358"
"Foreign","5.1229428848015489"
"Drama","5.0603773584905660"
"Games","5.0103199174406605"
"Children","4.9957671957671958"
"Classics","4.9350372736954207"
"Action","4.9253597122302158"
"Horror","4.9208037825059102"
